{"cameraMode":{"drawMode":0,"name":"Shaded","section":"Shading Mode"},"sceneLighting":true,"audioPlay":false,"sceneViewState":{"m_AlwaysRefresh":false,"showFog":true,"showSkybox":true,"showFlares":true,"showImageEffects":true,"showParticleSystems":true,"showVisualEffectGraphs":true,"m_FxEnabled":true},"in2DMode":false,"pivot":{"x":12.229032516479493,"y":12.79277515411377,"z":-11.636176109313965},"rotation":{"x":0.25674349069595339,"y":-0.45854508876800539,"z":0.14061596989631654,"w":0.8393293023109436},"size":0.3110410273075104,"orthographic":false}